Workbook

Sheet Overview
B2: Mileage Master — Website Sitemap
B3: Planned page structure for the marketing site and oil finder
B5: Brand | C5: Mileage Master — Advanced full synthetic engine oil
B6: Company | C6: Mileage Master Inc. (distributed by OEM Fleets, Mississauga, ON)
B7: Domain | C7: https://mileagemaster.ca
B8: Prepared | C8: October 15, 2026
B9: Contact on site | C9: 905.602.6897 · orders@oemfleets.ca · Mon–Fri 8:00–5:00 EST
B11: AT A GLANCE
B12: Live pages | C12: =COUNTIFS(Sitemap!$D:$D,"Page",Sitemap!$J:$J,"Live") -> 3
B13: Live page sections | C13: =COUNTIFS(Sitemap!$D:$D,"Section",Sitemap!$J:$J,"Live") -> 12
B14: Proposed pages (to confirm) | C14: =COUNTIFS(Sitemap!$D:$D,"Page",Sitemap!$J:$J,"Proposed") -> 10
B15: Header menu links | C15: =COUNTIF(Navigation!$A:$A,"Header menu") -> 5
B16: Footer links | C16: =COUNTIF(Navigation!$A:$A,"Footer*") -> 10
B18: HOW TO READ THIS WORKBOOK
B19: Sitemap tab | C19: Every page and the sections on each page, in the order a visitor sees them. Level 1 = page, Level 2 = section on that page, Level 3 = item inside a section.
B20: Navigation tab | C20: What appears in the top bar, header menu, footer and legal strip, and where each link goes.
B21: Status — Live | C21: Built and working in the current site.
B22: Status — Proposed | C22: Not built yet. Suggested pages for discussion with the coordinator — confirm or remove.
B23: Full URL column | C23: Built from the Domain cell above (C7). Change the domain there and every URL updates.
B24: #anchor links | C24: Links like /#grades jump to a section on the same page rather than opening a new page.
B26: SITE TREE
B27: mileagemaster.ca
B28: ├── Home /
B29: │ ├── Hero — Quality you can trust. Value we can deliver.
B30: │ ├── Find the right oil (#finder)
B31: │ ├── Available grades 0W-8 to 5W-40 (#grades)
B32: │ ├── Made in Europe (#europe)
B33: │ ├── Approvals & specifications (#specs)
B34: │ ├── What shops say (testimonials)
B35: │ ├── Become a dealer / wholesale pricing (#dealers, #quote)
B36: │ └── Order today contact bar
B37: ├── Oil Finder /oil-finder/
... B43: └── Proposed: Products · Spec & safety data sheets · Warranty · About · Contact · Privacy · Terms

Sheet Sitemap
A1: ID | B1: Level | C1: Page / Section | D1: Type | E1: Path | F1: Full URL | G1: Purpose & key content | H1: Main call to action | I1: Audience | J1: Status | K1: Notes
A2: 1 | B2: 1 | C2: Home | D2: Page | E2: / | F2: =Overview!$C$7&E2 -> https://mileagemaster.ca/ | G2: Main landing page. Introduces the brand, lets visitors find their oil, shows grades, quality story and wholesale offer. | H2: Find my oil · Get wholesale pricing | I2: Drivers & shops | J2: Live | K2: SEO priority 1.0 — updated monthly.
A3: 1.1 | B3: 2 | C3: Hero | D3: Section | E3: / | F3: =Overview!$C$7&E3 -> https://mileagemaster.ca/ | G3: Headline "Quality you can trust. Value we can deliver." European-blended full synthetic, 0W-8 to 5W-40, API SP licensed and warranty approved. Product jug photo. | H3: FIND MY OIL · GET WHOLESALE PRICING | I3: Drivers & shops | J3: Live | K3: Product photo is a mockup — replace with real photography before launch.
A4: 1.2 | B4: 2 | C4: Find the right oil | D4: Section | E4: /#finder | F4: =Overview!$C$7&E4 -> https://mileagemaster.ca/#finder | G4: Quick Year → Make → Model → Engine lookup. Carries the selection over to the full Oil Finder. | H4: See full results | I4: Drivers & shops | J4: Live
A5: 1.3 | B5: 2 | C5: Available grades | D5: Section | E5: /#grades | F5: =Overview!$C$7&E5 -> https://mileagemaster.ca/#grades | G5: Tabbed selector for the 7 viscosity grades with description and licences for each. | H5: Spec sheet · Request pricing | I5: Drivers & shops | J5: Live
A6: 1.3.1 | B6: 3 | C6: Grades: 0W-8 · 0W-16 · 0W-20 · 0W-30 · 5W-20 · 5W-30 · 5W-40 | D6: Item | E6: /#grades | F6: =Overview!$C$7&E6 -> https://mileagemaster.ca/#grades | G6: One tab per grade. Each grade has a printable spec sheet. | J6: Live
A7: 1.4 | B7: 2 | C7: Made in Europe | D7: Section | E7: /#europe | F7: =Overview!$C$7&E7 -> https://mileagemaster.ca/#europe | G7: Quality story: blended and filled in Europe, shipped from the Mississauga warehouse. Approvals shown as text. | I7: Drivers & shops | J7: Live
A8: 1.5 | B8: 2 | C8: Approvals & specifications | D8: Section | E8: /#specs | F8: =Overview!$C$7&E8 -> https://mileagemaster.ca/#specs | G8: API SP / ILSAC licences and OEM approvals; access to spec sheets. | H8: View spec sheet | I8: Shops | J8: Live | K8: Spec sheet opens as a printable page (no PDF yet).
A9: 1.6 | B9: 2 | C9: What shops say (testimonials) | D9: Section | E9: / | F9: =Overview!$C$7&E9 -> https://mileagemaster.ca/ | G9: Customer quotes from shops. | I9: Shops | J9: Live | K9: Placeholder quotes — replace with real ones or hide the section.
A10: 1.7 | B10: 2 | C10: Become a dealer / wholesale pricing | D10: Section | E10: /#dealers | F10: =Overview!$C$7&E10 -> https://mileagemaster.ca/#dealers | G10: "Your customer trusts you. You can trust us." Territory pricing, pallet programs and counter display kits. Includes the quote request form (#quote). | H10: Request wholesale pricing (form) | I10: Shops, jobbers, installers | J10: Live | K10: Form fields: business name, phone, email, details.
A11: 1.8 | B11: 2 | C11: Order today contact bar | D11: Section | E11: / | F11: =Overview!$C$7&E11 -> https://mileagemaster.ca/ | G11: Phone and email for ordering. | H11: Call · Email | I11: Shops | J11: Live
A12: 2 | B12: 1 | C12: Oil Finder | D12: Page | E12: /oil-finder/ | F12: =Overview!$C$7&E12 -> https://mileagemaster.ca/oil-finder/ | G12: Full catalogue lookup returning grade, oil capacity, specification, drain interval and matching Mileage Master products. | H12: Find my oil | I12: Drivers & shops | J12: Live | K12: SEO priority 0.8. Search results can be bookmarked/shared (saved in the URL).
A13: 2.1 | B13: 2 | C13: Find the right motor oil (search form) | D13: Section | E13: /oil-finder/#finder | F13: =Overview!$C$7&E13 -> https://mileagemaster.ca/oil-finder/#finder | G13: Year → Make → Model → Engine selects, plus "over 120,000 km" toggle. | H13: Search | I13: Drivers & shops | J13: Live | K13: Breadcrumb: Home › Find the right motor oil › Product recommendations.
A14: 2.2 | B14: 2 | C14: Product recommendations (results) | D14: Section | E14: /oil-finder/#results | F14: =Overview!$C$7&E14 -> https://mileagemaster.ca/oil-finder/#results | G14: Vehicle line, grade, capacity, spec and drain interval, then product cards. | H14: Request pricing · Search again | I14: Drivers & shops | J14: Live | K14: Only shown after a search is run.
A15: 2.2.1 | B15: 3 | C15: Premium Full Synthetic (PFS) | D15: Item | E15: /oil-finder/#results | F15: =Overview!$C$7&E15 -> https://mileagemaster.ca/oil-finder/#results | G15: Recommended line. 5 L jug, 4 per case. | J15: Live
A16: 2.2.2 | B16: 3 | C16: High Mileage Full Synthetic (HM) | D16: Item | E16: /oil-finder/#results | F16: =Overview!$C$7&E16 -> https://mileagemaster.ca/oil-finder/#results | G16: For engines over 120,000 km. 5 L jug, 4 per case. | J16: Live
A17: 2.2.3 | B17: 3 | C17: Synthetic Blend (SB) | D17: Item | E17: /oil-finder/#results | F17: =Overview!$C$7&E17 -> https://mileagemaster.ca/oil-finder/#results | G17: Budget line. 4 L jug, 6 per case. | J17: Live
A18: 2.3 | B18: 2 | C18: Case pricing | D18: Section | E18: /oil-finder/#pricing | F18: =Overview!$C$7&E18 -> https://mileagemaster.ca/oil-finder/#pricing | G18: Priced by the case; quotes same business day. Quote request form. | H18: Request wholesale pricing (form) | I18: Shops | J18: Live
A19: 2.4 | B19: 2 | C19: Vehicle not listed? | D19: Section | E19: /oil-finder/#help | F19: =Overview!$C$7&E19 -> https://mileagemaster.ca/oil-finder/#help | G19: Contact bar for vehicles not in the database. | H19: Call · Email | I19: Drivers & shops | J19: Live | K19: Vehicle data is a reference set — replace with a licensed database before launch.
A20: 3 | B20: 1 | C20: Sitemap | D20: Page | E20: /sitemap/ | F20: =Overview!$C$7&E20 -> https://mileagemaster.ca/sitemap/ | G20: Human-readable list of every page and section, linked from the footer. | I20: All visitors | J20: Live | K20: SEO priority 0.3.
A21: 4 | B21: 1 | C21: sitemap.xml / robots.txt | D21: System | E21: /sitemap.xml | F21: =Overview!$C$7&E21 -> https://mileagemaster.ca/sitemap.xml | G21: Search-engine files generated automatically at build time. | I21: Search engines | J21: Live | K21: Not visible to visitors.
A22: 5 | B22: 1 | C22: Products | D22: Page | E22: /products/ | F22: =Overview!$C$7&E22 -> https://mileagemaster.ca/products/ | G22: Overview of the 3 product lines and 7 grades, with a page per line. | H22: Find my oil · Request pricing | I22: Drivers & shops | J22: Proposed | K22: Today this lives as a section on Home (#grades).
A23: 5.1 | B23: 2 | C23: Premium Full Synthetic | D23: Page | E23: /products/premium-full-synthetic/ | F23: =Overview!$C$7&E23 -> https://mileagemaster.ca/products/premium-full-synthetic/ | G23: Line detail: grades, pack sizes, SKUs, licences. | H23: Request pricing | I23: Drivers & shops | J23: Proposed
A24: 5.2 | B24: 2 | C24: High Mileage Full Synthetic | D24: Page | E24: /products/high-mileage/ | F24: =Overview!$C$7&E24 -> https://mileagemaster.ca/products/high-mileage/ | G24: Line detail for engines over 120,000 km. | H24: Request pricing | I24: Drivers & shops | J24: Proposed
A25: 5.3 | B25: 2 | C25: Synthetic Blend | D25: Page | E25: /products/synthetic-blend/ | F25: =Overview!$C$7&E25 -> https://mileagemaster.ca/products/synthetic-blend/ | G25: Budget line detail. | H25: Request pricing | I25: Shops | J25: Proposed
A26: 6 | B26: 1 | C26: Spec sheets & safety data sheets | D26: Page | E26: /documents/ | F26: =Overview!$C$7&E26 -> https://mileagemaster.ca/documents/ | G26: Downloadable technical data sheets and SDS for every grade. | H26: Download | I26: Shops | J26: Proposed | K26: Footer already links "Spec sheets" and "Safety data sheets" — currently go to Home #specs.
A27: 7 | B27: 1 | C27: Warranty information | D27: Page | E27: /warranty/ | F27: =Overview!$C$7&E27 -> https://mileagemaster.ca/warranty/ | G27: Warranty approval details and what is covered. | H27: Contact us | I27: Drivers & shops | J27: Proposed | K27: Footer already links "Warranty information" — currently goes to Home #specs.
A28: 8 | B28: 1 | C28: About us | D28: Page | E28: /about/ | F28: =Overview!$C$7&E28 -> https://mileagemaster.ca/about/ | G28: Mileage Master Inc. and OEM Fleets — who we are, Made in Europe, Mississauga warehouse. | H28: Become a dealer | I28: All visitors | J28: Proposed
A29: 9 | B29: 1 | C29: Contact | D29: Page | E29: /contact/ | F29: =Overview!$C$7&E29 -> https://mileagemaster.ca/contact/ | G29: Phone, email, hours, address, map, contact form. | H29: Call · Email · Send message | I29: All visitors | J29: Proposed | K29: Contact details currently appear in the top bar, footer and contact bars.
A30: 10 | B30: 1 | C30: Privacy policy | D30: Page | E30: /privacy/ | F30: =Overview!$C$7&E30 -> https://mileagemaster.ca/privacy/ | G30: How form and analytics data is handled. | I30: All visitors | J30: Proposed | K30: Needed once analytics or cookies are added.
A31: 11 | B31: 1 | C31: Terms of use | D31: Page | E31: /terms/ | F31: =Overview!$C$7&E31 -> https://mileagemaster.ca/terms/ | G31: Website terms. | I31: All visitors | J31: Proposed

Sheet Navigation
A1: Location | B1: Order | C1: Label | D1: Links to | E1: Destination
A2: Top utility bar | B2: 1 | C2: ORDER TODAY | D2: — | E2: Label only
A3: Top utility bar | B3: 2 | C3: 905.602.6897 | D3: tel:+19056026897 | E3: Phone call
A4: Top utility bar | B4: 3 | C4: orders@oemfleets.ca | D4: mailto:orders@oemfleets.ca | E4: Email
A5: Top utility bar | B5: 4 | C5: MADE IN EUROPE · SHIPPED FROM MISSISSAUGA, ON | D5: — | E5: Label only
A6: Header | B6: 0 | C6: Mileage Master logo | D6: / | E6: Home
A7: Header menu | B7: 1 | C7: OIL FINDER | D7: /oil-finder/ | E7: Oil Finder page
A8: Header menu | B8: 2 | C8: PRODUCTS | D8: /#grades | E8: Home › Available grades
A9: Header menu | B9: 3 | C9: MADE IN EUROPE | D9: /#europe | E9: Home › Made in Europe
A10: Header menu | B10: 4 | C10: APPROVALS | D10: /#specs | E10: Home › Approvals & specifications
A11: Header menu | B11: 5 | C11: BECOME A DEALER | D11: /#dealers | E11: Home › Become a dealer
A12: Footer — Products | B12: 1 | C12: Gasoline engine oil | D12: /#grades | E12: Home › Available grades
A13: Footer — Products | B13: 2 | C13: 0W-8 – 5W-40 | D13: /#grades | E13: Home › Available grades
... A22: Legal strip | B22: 1 | C22: © 2026 Mileage Master Inc. · Made in Europe · API SP licensed | D22: — | E22: Label only
A23: Note | C23: On phones/tablets (below 960px) the header menu collapses into a menu button.
